{
  "AndroidManifest.xml": "8cf19107ed0d2d03ab7fad83ab6d91dad02eb15f41cc518e7550424f03ac286f",
  "assets/arservicesforwolf/arservicesforwolf2.dex": "03d71cc97e69f1da8dec0a31bdc7129f48c942d05c72d054b484da026ac50f9e",
  "assets/arservicesforwolf/libs.txt": "c042e6da33eddcaff9df83da59db61ad484c569b0c39623d6bbb8486757c12e3",
  "assets/arservicesforwolf/libs.zstd": "7e929ddd9867b2e5b73bdabc0b3e61c07862b5d26d75f64d673f12cf1a4f1534",
  "assets/arservicesforwolf/metadata.txt": "1a2024daae2d8cdf5f9fa8310a84aebf8a4c32e98f768aa7494548e9db7ce3e1"
}