[
  {
    "disabled": false,
    "hash": "8c38954c33cfa8db2df35c5a830327c2bd06fba96ea84490e0ebd4493512f83c",
    "name": "arclassBenchmarks",
    "path": "arclassBenchmarks.apk"
  },
  {
    "disabled": false,
    "hash": "e2f0dfc01f6890062d7d2959b5f661db53db4b9586c11d4f6b4701c830c5d707",
    "name": "arservicesforbodytracking",
    "path": "arservicesforbodytracking.apk"
  },
  {
    "disabled": false,
    "hash": "81f1db9cc00c904198f274e6d96bfff7fe685e924e10f2f6cb9aa8b727944bbd",
    "name": "arservicesforhairsegmentation",
    "path": "arservicesforhairsegmentation.apk"
  },
  {
    "disabled": false,
    "hash": "4db8ce63c8074eb3a0f5ea9d74259915b74a9c3fde6e358a2ef0ce8e503c863d",
    "name": "arservicesforhandtracking",
    "path": "arservicesforhandtracking.apk"
  },
  {
    "disabled": false,
    "hash": "4687fbdb16e7f2042051ef1391173364cb30eb5c01fe96415cb0179151ab61f2",
    "name": "arservicesforpersonsegmentation",
    "path": "arservicesforpersonsegmentation.apk"
  },
  {
    "disabled": false,
    "hash": "0a743d04d67d1fb0671e319e854a8ac5a3d01b06a676772ece1696926131ca9d",
    "name": "arservicesfortargettracking",
    "path": "arservicesfortargettracking.apk"
  },
  {
    "disabled": false,
    "hash": "1a5d632082d0aacb1670c68e41f9f4d456b1be1257b0c435f0ec9660429e45b6",
    "name": "arservicesforunifiedtargettracking",
    "path": "arservicesforunifiedtargettracking.apk"
  },
  {
    "disabled": false,
    "hash": "1c065e9beeda0b600a6d1692dfe76de6040b304191ba6bf6a7f5bdcf915284f9",
    "name": "arservicesforwolf",
    "path": "arservicesforwolf.apk"
  },
  {
    "disabled": false,
    "hash": "ffa3d0bab090b28149d29bb6964868ac504ff02593af07c52f0f08f448d35080",
    "name": "caffe2",
    "path": "caffe2.apk"
  },
  {
    "disabled": false,
    "hash": "f30187627604d88e46ab7df11fb0ec6cf14e39cdf219b07b98b1f117508292ca",
    "name": "caffe2pytorchsharedmodule",
    "path": "caffe2pytorchsharedmodule.apk"
  },
  {
    "disabled": false,
    "hash": "b0741c468be6ca915ff0f42c0d4b9ca478d8178fedb1a34929297eda2c97f7dd",
    "name": "devoptions",
    "path": "devoptions.apk"
  },
  {
    "disabled": false,
    "hash": "79e89d8b579f679aa163061e40b2c1991ce7c578bfc7fe8d46e09c4e4e826d65",
    "name": "igwbselfiecaptchachallenge",
    "path": "igwbselfiecaptchachallenge.apk"
  },
  {
    "disabled": false,
    "hash": "50512957d96ec2d23640e394df58ed1b2de3481fc8c9bfe94be3da2c8faa5ca7",
    "name": "pytorch",
    "path": "pytorch.apk"
  },
  {
    "disabled": false,
    "hash": "86626990f5b7a5533b1de510f30bddf253fcced04ea70b932733f54167e1f963",
    "name": "shared0",
    "path": "shared0.apk"
  },
  {
    "disabled": false,
    "hash": "fe7f5e8a2f8a6d63812eb58d660807d548162aa1a421885224fa29c47a863ef2",
    "name": "shared1",
    "path": "shared1.apk"
  },
  {
    "disabled": false,
    "hash": "33c2fe4d807875e5fc0a076602dd666e7f892d869c64763a96965746a68e4308",
    "name": "shared2",
    "path": "shared2.apk"
  },
  {
    "disabled": false,
    "hash": "92fdea2c02093e4d0052b8531ee88e6214779823669716bd8c2b65fee99b3ddf",
    "name": "shared3",
    "path": "shared3.apk"
  },
  {
    "disabled": false,
    "hash": "25d7e717b534bc6918a320d159d3ebb5638a4ecf78bd6a1d0e6c2915f0bd62ba",
    "name": "shared4",
    "path": "shared4.apk"
  },
  {
    "disabled": false,
    "hash": "21fe8e745638455631564e5f11cf4aab091779678c7b9a0e6b570a142898f5c1",
    "name": "slam",
    "path": "slam.apk"
  }
]