{
  "_signature": "// @generated _GENERATED_GRAPHQL_ Created by rebuild-graphql/incremental-persist",
  "data": {
    "BindCreditCard": {
      "OSSPersistId": "3563144610417053",
      "usecase": null
    },
    "CategoryTypeaheadQuery": {
      "OSSPersistId": "3272650642828024",
      "usecase": null
    },
    "CoWatchCatalogQuery": {
      "OSSPersistId": "3772905556104632",
      "usecase": null
    },
    "CreateDigitalContentPurchasedMutation": {
      "OSSPersistId": "2980142332069531",
      "usecase": null
    },
    "CreateIGNativeRoom": {
      "OSSPersistId": "3655692561166788",
      "usecase": null
    },
    "CreatePaymentContainerMutation": {
      "OSSPersistId": "5011281565578934",
      "usecase": null
    },
    "CreatorAndBusinessSuggestedCategoriesQuery": {
      "OSSPersistId": "4154307361308312",
      "usecase": null
    },
    "CreatorCategories": {
      "OSSPersistId": "2807358102632702",
      "usecase": null
    },
    "DiverseOwnedBusiness": {
      "OSSPersistId": "4675360129171387",
      "usecase": null
    },
    "DiverseOwnedBusinessDeleteMutation": {
      "OSSPersistId": "2685061794928579",
      "usecase": null
    },
    "DiverseOwnedBusinessUpdateMutation": {
      "OSSPersistId": "3388621947834808",
      "usecase": null
    },
    "EndIGRoomCall": {
      "OSSPersistId": "3796786617074887",
      "usecase": null
    },
    "EnterIGRoomMutation": {
      "OSSPersistId": "4212848372062037",
      "usecase": null
    },
    "FBPayAccount": {
      "OSSPersistId": "3039776809443557",
      "usecase": null
    },
    "FBPayLinkAccountMutation": {
      "OSSPersistId": "4631485313593216",
      "usecase": null
    },
    "FBPayUnlinkAccountMutation": {
      "OSSPersistId": "3224890884307206",
      "usecase": null
    },
    "FBProductAndShopCrossTaggingEligibility": {
      "OSSPersistId": "2745648648871854",
      "usecase": null
    },
    "FBProductCrossTaggingEligibility": {
      "OSSPersistId": "2922651817849315",
      "usecase": null
    },
    "FBShopCrossTaggingEligibility": {
      "OSSPersistId": "5222607664431892",
      "usecase": null
    },
    "FbpayConvertPaypalBaToCib": {
      "OSSPersistId": "3045888848862060",
      "usecase": null
    },
    "FetchCapabilityLatestVersionQuery": {
      "OSSPersistId": "4704499779625302",
      "usecase": null
    },
    "FetchCapabilityMetadataQuery": {
      "OSSPersistId": "4767499729989582",
      "usecase": null
    },
    "FxIGMasterAccountQuery": {
      "OSSPersistId": "3670024113061515",
      "usecase": null
    },
    "FxUpSellTargeting": {
      "OSSPersistId": "3899721586721370",
      "usecase": null
    },
    "GetEncryptedCardNumber": {
      "OSSPersistId": "3446136838741966",
      "usecase": null
    },
    "IABAutofillData": {
      "OSSPersistId": "2002307059877940",
      "usecase": null
    },
    "IABAutofillDeleteData": {
      "OSSPersistId": "1759685834135025",
      "usecase": null
    },
    "IABAutofillSaveData": {
      "OSSPersistId": "2336171079768772",
      "usecase": null
    },
    "IGARClassQuery": {
      "OSSPersistId": "2334014673389832",
      "usecase": null
    },
    "IGAREffectsByIdQuery": {
      "OSSPersistId": "3729474477172064",
      "usecase": null
    },
    "IGAREffectsForProfileQuery": {
      "OSSPersistId": "3659078400847519",
      "usecase": null
    },
    "IGAREffectsGalleryCategoriesQuery": {
      "OSSPersistId": "3636794579767529",
      "usecase": null
    },
    "IGAREffectsGalleryForProfileQuery": {
      "OSSPersistId": "3318594641596809",
      "usecase": null
    },
    "IGAREffectsGalleryQuery": {
      "OSSPersistId": "5115155408525391",
      "usecase": null
    },
    "IGAREffectsGallerySearchQuery": {
      "OSSPersistId": "3651721864876052",
      "usecase": null
    },
    "IGAudioClipTranscription": {
      "OSSPersistId": "3436161749769290",
      "usecase": null
    },
    "IGFBPayAddCreditCard": {
      "OSSPersistId": "2649667365136690",
      "usecase": null
    },
    "IGFBPayAddShopPayQuery": {
      "OSSPersistId": "3761353763925361",
      "usecase": null
    },
    "IGFBPayAddressQuery": {
      "OSSPersistId": "3573718412691024",
      "usecase": null
    },
    "IGFBPayAuthFlowsContentQuery": {
      "OSSPersistId": "3213504958703734",
      "usecase": null
    },
    "IGFBPayAuthTicketQuery": {
      "OSSPersistId": "3894991483849129",
      "usecase": null
    },
    "IGFBPayCancelPayPalMutation": {
      "OSSPersistId": "3221736427878471",
      "usecase": null
    },
    "IGFBPayCompletePaypalLinkingMutation": {
      "OSSPersistId": "3191551677563706",
      "usecase": null
    },
    "IGFBPayContactInfoQuery": {
      "OSSPersistId": "4437367463000834",
      "usecase": null
    },
    "IGFBPayCreateAuthTicketBasedFactorMutation": {
      "OSSPersistId": "3458591490892408",
      "usecase": null
    },
    "IGFBPayCreatePINMutation": {
      "OSSPersistId": "4721287234611861",
      "usecase": null
    },
    "IGFBPayDeleteAuthTicketMutation": {
      "OSSPersistId": "3071737849597369",
      "usecase": null
    },
    "IGFBPayDisableCreditCard": {
      "OSSPersistId": "3286524694711160",
      "usecase": null
    },
    "IGFBPayDisablePINMutation": {
      "OSSPersistId": "3544657908919466",
      "usecase": null
    },
    "IGFBPayEnablePINMutation": {
      "OSSPersistId": "3703315903011716",
      "usecase": null
    },
    "IGFBPayExperienceEnabled": {
      "OSSPersistId": "3801135729903457",
      "usecase": null
    },
    "IGFBPayGetServerEncryptionKeyMutation": {
      "OSSPersistId": "4605649856174854",
      "usecase": null
    },
    "IGFBPayLinkAccountMutation": {
      "OSSPersistId": "3725458604153423",
      "usecase": null
    },
    "IGFBPayLinkBottomSheetQuery": {
      "OSSPersistId": "3869750436390781",
      "usecase": null
    },
    "IGFBPayOrderInfoSectionQuery": {
      "OSSPersistId": "3106761556077787",
      "usecase": null
    },
    "IGFBPayRemoveShopPayMutation": {
      "OSSPersistId": "4602497499822921",
      "usecase": null
    },
    "IGFBPayShareableAddressQuery": {
      "OSSPersistId": "3461224173923470",
      "usecase": null
    },
    "IGFBPayShareableContactInfoQuery": {
      "OSSPersistId": "2268944259896892",
      "usecase": null
    },
    "IGFBPayShareableTransactionsQuery": {
      "OSSPersistId": "3026059137496096",
      "usecase": null
    },
    "IGFBPaySharedAddAddressMutation": {
      "OSSPersistId": "3174480412660299",
      "usecase": null
    },
    "IGFBPaySharedAddCreditCardMutation": {
      "OSSPersistId": "3377833715611110",
      "usecase": null
    },
    "IGFBPaySharedAddEmailMutation": {
      "OSSPersistId": "2009992979125003",
      "usecase": null
    },
    "IGFBPaySharedAddPhoneMutation": {
      "OSSPersistId": "4516100368460941",
      "usecase": null
    },
    "IGFBPaySharedDeleteAddressMutation": {
      "OSSPersistId": "3365073920266863",
      "usecase": null
    },
    "IGFBPaySharedDeleteEmailMutation": {
      "OSSPersistId": "3343774395714551",
      "usecase": null
    },
    "IGFBPaySharedDeletePhoneMutation": {
      "OSSPersistId": "3850897548272680",
      "usecase": null
    },
    "IGFBPaySharedDisableCreditCardMutation": {
      "OSSPersistId": "3198532133607175",
      "usecase": null
    },
    "IGFBPaySharedUpdateAddressMutation": {
      "OSSPersistId": "3465781783461305",
      "usecase": null
    },
    "IGFBPaySharedUpdateCreditCardMutation": {
      "OSSPersistId": "3126454347476857",
      "usecase": null
    },
    "IGFBPaySharedUpdateEmailMutation": {
      "OSSPersistId": "3808392279194467",
      "usecase": null
    },
    "IGFBPaySharedUpdatePhoneMutation": {
      "OSSPersistId": "3312992285437315",
      "usecase": null
    },
    "IGFBPayTransactionsQuery": {
      "OSSPersistId": "4046944145332361",
      "usecase": null
    },
    "IGFBPayUnlinkAccountMutation": {
      "OSSPersistId": "3332530903533467",
      "usecase": null
    },
    "IGFBPayUnlinkBottomSheetQuery": {
      "OSSPersistId": "4644938265581354",
      "usecase": null
    },
    "IGFBPayUpdateCreditCard": {
      "OSSPersistId": "3648979838467659",
      "usecase": null
    },
    "IGFBPayVerifyFactorMutation": {
      "OSSPersistId": "3360818394006378",
      "usecase": null
    },
    "IGFXCALServiceEnabled": {
      "OSSPersistId": "3125018010882357",
      "usecase": null
    },
    "IGFetchLDPTransactionToolSelectorApps": {
      "OSSPersistId": "2506815206070488",
      "usecase": null
    },
    "IGFullyDisconnectFbPagesMutation": {
      "OSSPersistId": "3131323080272171",
      "usecase": null
    },
    "IGFxIdentityManagementMutation": {
      "OSSPersistId": "3345474525518296",
      "usecase": null
    },
    "IGFxIdentityManagementQuery": {
      "OSSPersistId": "3574344079312815",
      "usecase": null
    },
    "IGFxLinkedAccountsQuery": {
      "OSSPersistId": "3884573588237001",
      "usecase": null
    },
    "IGIABAutofillSettings": {
      "OSSPersistId": "3334156656683274",
      "usecase": null
    },
    "IGIABAutofillUpdateSettingsMutation": {
      "OSSPersistId": "3329969760428109",
      "usecase": null
    },
    "IGPaymentsAccountDisabledRiskQuery": {
      "OSSPersistId": "2897674770271335",
      "usecase": null
    },
    "IGPaymentsCheckoutInformation": {
      "OSSPersistId": "4957918494278876",
      "usecase": null
    },
    "IGPayoutCreateFinancialEntity": {
      "OSSPersistId": "3863588790355129",
      "usecase": null
    },
    "IGPayoutCreatePayPalCredential": {
      "OSSPersistId": "3462226127161082",
      "usecase": null
    },
    "IGPayoutEditFinancialEntityMutation": {
      "OSSPersistId": "3435209623229111",
      "usecase": null
    },
    "IGPayoutGetFinancialEntityByAdmin": {
      "OSSPersistId": "4242381522492920",
      "usecase": null
    },
    "IGPayoutOnboardingAddressValidationQuery": {
      "OSSPersistId": "5028462100529488",
      "usecase": null
    },
    "IGPayoutOnboardingBankValidationQuery": {
      "OSSPersistId": "2797563760340062",
      "usecase": null
    },
    "IGPayoutOnboardingCountryQueryEndpoint": {
      "OSSPersistId": "3189561871101857",
      "usecase": null
    },
    "IGPayoutOnboardingCreateDirectDebitCredentialMutation": {
      "OSSPersistId": "2923859017637298",
      "usecase": null
    },
    "IGPayoutOnboardingDirectDebitConfigQuery": {
      "OSSPersistId": "3090612511022391",
      "usecase": null
    },
    "IGPayoutOnboardingPhoneValidationQuery": {
      "OSSPersistId": "4063813047025637",
      "usecase": null
    },
    "IGPayoutOnboardingStatesTaxTypesPayoutMethodsQuery": {
      "OSSPersistId": "3325496367481052",
      "usecase": null
    },
    "IGPayoutPayPalURL": {
      "OSSPersistId": "3749482498458553",
      "usecase": null
    },
    "IGPaypalConsentBottomSheetQuery": {
      "OSSPersistId": "3488455874548967",
      "usecase": null
    },
    "IGProactiveWarningBannerQuery": {
      "OSSPersistId": "3356349614444333",
      "usecase": null
    },
    "IGResetPINWithPasswordMutation": {
      "OSSPersistId": "4022315961116602",
      "usecase": null
    },
    "IGRiskAppealCase": {
      "OSSPersistId": "2567435586677616",
      "usecase": null
    },
    "IGToFBXPostingDestinationsQuery": {
      "OSSPersistId": "2772098059556287",
      "usecase": null
    },
    "IGTurnDiscovery": {
      "OSSPersistId": "3245670062124383",
      "usecase": null
    },
    "IGWWWTestModularFragmentModelQuery": {
      "OSSPersistId": "2963389900450314",
      "usecase": null
    },
    "IabAutofillOptOutQuery": {
      "OSSPersistId": "1582502198519720",
      "usecase": null
    },
    "IgDonationsEligibilityQuery": {
      "OSSPersistId": "2615360401861024",
      "usecase": null
    },
    "IgFbPayOrdersQuery": {
      "OSSPersistId": "3557107337651376",
      "usecase": null
    },
    "IgFbPayPaymentMethodsQuery": {
      "OSSPersistId": "3441626019278625",
      "usecase": null
    },
    "IgPaymentsPINDeleteMutation": {
      "OSSPersistId": "1567876396602659",
      "usecase": null
    },
    "IgPaymentsSettingsInfoQuery": {
      "OSSPersistId": "3074914985892821",
      "usecase": null
    },
    "IgPaymentsUpdatePaymentAccountNameMutation": {
      "OSSPersistId": "1095111680613571",
      "usecase": null
    },
    "IgRoomsToLiveStartStream": {
      "OSSPersistId": "4864878576919183",
      "usecase": null
    },
    "IntegrityUserEligibleToUseIGRoomQuery": {
      "OSSPersistId": "3817706355002952",
      "usecase": null
    },
    "ListParticipantsQuery": {
      "OSSPersistId": "3335580053218053",
      "usecase": null
    },
    "ListRooms": {
      "OSSPersistId": "5516998851647447",
      "usecase": null
    },
    "PAYGraphQLFBPayUnlinkAccount": {
      "OSSPersistId": "3549473848438208",
      "usecase": null
    },
    "PAYGraphQLFBPaylinkAccount": {
      "OSSPersistId": "3286091661460024",
      "usecase": null
    },
    "ResolveIGRoomLinkQuery": {
      "OSSPersistId": "3708282422569613",
      "usecase": null
    },
    "ShowConnectFBPayQuery": {
      "OSSPersistId": "3035445799903957",
      "usecase": null
    },
    "TINValidationQuery": {
      "OSSPersistId": "3627404867334368",
      "usecase": null
    },
    "UpdateIGLiveRoom": {
      "OSSPersistId": "3553003301415578",
      "usecase": null
    },
    "UpdateIGNativeRoom": {
      "OSSPersistId": "3567572986657939",
      "usecase": null
    },
    "UpgradeOverMobileDataPreferences": {
      "OSSPersistId": "2276775219083294",
      "usecase": null
    },
    "VideoLicenseQuery": {
      "OSSPersistId": "3450006878439222",
      "usecase": null
    }
  },
  "version": 1
}