[
  {
    "name": "IgCommentModerationSettingsRoute",
    "path": "/comment_moderation_settings",
    "paramDefinitions": {},
    "navigationOptions": {
      "title": {
        "text": "Comment Moderation Settings",
        "fbt": true,
        "hashKey": "2nwF6b"
      }
    }
  },
  {
    "name": "AdsPaymentsCollectTaxDetailsRoute",
    "path": "/ads_payments_collect_tax_details",
    "paramDefinitions": {
      "account": {
        "type": "String",
        "required": true
      },
      "contextID": {
        "type": "String",
        "required": true
      }
    },
    "access": "exported",
    "navigationOptions": {
      "fabric": "true",
      "fb_hidesTabBar_POST_IN_IOS_NAVIGATION_BEFORE_USING": true,
      "fb_showNavBarSearchField": false,
      "perfLogger_ttiEventId": 13828101,
      "perfLogger_ttiEventName": "ads_payments_tti"
    }
  },
  {
    "name": "AdsPaymentsFlowRoute",
    "path": "/ads_payments_flow",
    "paramDefinitions": {
      "account": {
        "type": "String",
        "required": true
      },
      "contextID": {
        "type": "String",
        "required": true
      },
      "adBudgetAmountInHundredths": {
        "type": "String",
        "required": false
      },
      "adBudgetType": {
        "type": "String",
        "required": false
      },
      "adDuration": {
        "type": "Float",
        "required": false
      },
      "adCampaignGroupID": {
        "type": "String",
        "required": false
      },
      "adEditTime": {
        "type": "Float",
        "required": false
      },
      "adNewEndTime": {
        "type": "Float",
        "required": false
      },
      "entryPoint": {
        "type": "String",
        "required": false
      },
      "offlineMode": {
        "type": "Bool",
        "required": false
      },
      "legacyAccountID": {
        "type": "String",
        "required": false
      },
      "addPaymentMethodMessage": {
        "type": "String",
        "required": false
      },
      "disableCouponEntry": {
        "type": "Bool",
        "required": false
      },
      "countryCode": {
        "type": "String",
        "required": false
      },
      "currencyCode": {
        "type": "String",
        "required": false
      },
      "boostAfterComplete": {
        "type": "Bool",
        "required": false
      },
      "pageID": {
        "type": "String",
        "required": false
      },
      "externalFlowID": {
        "type": "String",
        "required": false
      },
      "originRootTag": {
        "type": "Float",
        "required": false
      },
      "edit": {
        "type": "Bool",
        "required": false
      }
    },
    "access": "exported",
    "navigationOptions": {
      "fabric": "true",
      "navigationBar": "shown",
      "fb_hidesTabBar_POST_IN_IOS_NAVIGATION_BEFORE_USING": true,
      "fb_showNavBarSearchField": false,
      "title": "",
      "perfLogger_ttiEventId": 13828101,
      "perfLogger_ttiEventName": "ads_payments_tti"
    }
  },
  {
    "name": "AdsPaymentsAddBankAccountRoute",
    "path": "/ads_payments_add_bank_account",
    "paramDefinitions": {
      "account": {
        "type": "String",
        "required": true
      },
      "contextID": {
        "type": "String",
        "required": true
      },
      "originRootTag": {
        "type": "Float",
        "required": false
      }
    },
    "navigationOptions": {
      "fabric": "true",
      "navigationBar": "shown",
      "fb_hidesTabBar_POST_IN_IOS_NAVIGATION_BEFORE_USING": true,
      "hideNavBarRightButton": true,
      "fb_showNavBarSearchField": false,
      "title": {
        "text": "Bank Account",
        "fbt": true,
        "hashKey": "B4IoX"
      },
      "perfLogger_ttiEventId": 13828101,
      "perfLogger_ttiEventName": "ads_payments_tti"
    }
  },
  {
    "name": "AdsPaymentsAddCreditCardRoute",
    "path": "/ads_payments_add_credit_card",
    "paramDefinitions": {
      "account": {
        "type": "String",
        "required": false
      },
      "contextID": {
        "type": "String",
        "required": true
      },
      "originRootTag": {
        "type": "Float",
        "required": false
      },
      "offlineMode": {
        "type": "Bool",
        "required": false
      },
      "legacyAccountID": {
        "type": "String",
        "required": false
      },
      "country": {
        "type": "String",
        "required": false
      },
      "currency": {
        "type": "String",
        "required": false
      },
      "entryPoint": {
        "type": "String",
        "required": false
      }
    },
    "navigationOptions": {
      "fabric": "true",
      "navigationBar": "shown",
      "fb_hidesTabBar_POST_IN_IOS_NAVIGATION_BEFORE_USING": true,
      "fb_showNavBarSearchField": false,
      "hideNavBarRightButton": true,
      "title": {
        "text": "Add a Card",
        "fbt": true,
        "hashKey": "1Plgg9"
      },
      "perfLogger_ttiEventId": 13828101,
      "perfLogger_ttiEventName": "ads_payments_tti"
    }
  },
  {
    "name": "AdsPaymentsAddPaypalRoute",
    "path": "/ads_payments_add_paypal",
    "paramDefinitions": {
      "account": {
        "type": "String",
        "required": true
      },
      "contextID": {
        "type": "String",
        "required": true
      },
      "originRootTag": {
        "type": "Float",
        "required": false
      },
      "entryPoint": {
        "type": "String",
        "required": false
      }
    },
    "navigationOptions": {
      "fabric": "true",
      "navigationBar": "shown",
      "fb_hidesTabBar_POST_IN_IOS_NAVIGATION_BEFORE_USING": true,
      "fb_showNavBarSearchField": false,
      "hideNavBarRightButton": true,
      "title": {
        "text": "Connect PayPal",
        "fbt": true,
        "hashKey": "4j1rdd"
      },
      "perfLogger_ttiEventId": 13828101,
      "perfLogger_ttiEventName": "ads_payments_tti"
    }
  },
  {
    "name": "AdsPaymentsBillingDateRoute",
    "path": "/ads_payments_billing_date",
    "paramDefinitions": {
      "account": {
        "type": "String",
        "required": true
      },
      "contextID": {
        "type": "String",
        "required": true
      },
      "hasIntent": {
        "type": "Bool",
        "required": true
      }
    },
    "navigationOptions": {
      "fabric": "true",
      "navigationBar": "shown",
      "fb_hidesTabBar_POST_IN_IOS_NAVIGATION_BEFORE_USING": true,
      "hideNavBarRightButton": true,
      "title": {
        "text": "Choose a New Bill Date",
        "fbt": true,
        "hashKey": "bARbG"
      },
      "perfLogger_ttiEventId": 13828101,
      "perfLogger_ttiEventName": "ads_payments_tti"
    }
  },
  {
    "name": "AdsPaymentsBillingDateSavedRoute",
    "path": "/ads_payments_billing_date_saved",
    "paramDefinitions": {
      "account": {
        "type": "String",
        "required": true
      },
      "contextID": {
        "type": "String",
        "required": true
      }
    },
    "navigationOptions": {
      "fabric": "true",
      "navigationBar": "shown",
      "fb_hidesTabBar_POST_IN_IOS_NAVIGATION_BEFORE_USING": true,
      "hideNavBarRightButton": true,
      "title": {
        "text": "Bill Date Updated",
        "fbt": true,
        "hashKey": "2Rvy7Z"
      },
      "perfLogger_ttiEventId": 13828101,
      "perfLogger_ttiEventName": "ads_payments_tti"
    }
  },
  {
    "name": "AdsPaymentsBoletoDetailsRoute",
    "path": "/ads_payments_boleto_details",
    "paramDefinitions": {
      "account": {
        "type": "String",
        "required": true
      },
      "credentialID": {
        "type": "String",
        "required": true
      },
      "entryPoint": {
        "type": "String",
        "required": true
      },
      "paymentID": {
        "type": "String",
        "required": true
      },
      "paymentMethodType": {
        "type": "String",
        "required": true
      },
      "showBankLinks": {
        "type": "Bool",
        "required": true
      }
    },
    "navigationOptions": {
      "fabric": "true",
      "title": {
        "text": "Boleto Details",
        "fbt": true,
        "hashKey": "Q0vyC"
      }
    }
  },
  {
    "name": "AdsPaymentsBrazilAddressInfoRoute",
    "path": "/ads_payments_brazil_address_info",
    "paramDefinitions": {
      "account": {
        "type": "String",
        "required": true
      },
      "contextID": {
        "type": "String",
        "required": true
      },
      "taxID": {
        "type": "String",
        "required": true
      }
    },
    "navigationOptions": {
      "fabric": "true",
      "navigationBar": "shown",
      "fb_hidesTabBar_POST_IN_IOS_NAVIGATION_BEFORE_USING": true,
      "fb_showNavBarSearchField": false,
      "title": {
        "text": "Your Info",
        "fbt": true,
        "hashKey": "4d6qX3"
      },
      "perfLogger_ttiEventId": 13828101,
      "perfLogger_ttiEventName": "ads_payments_tti"
    }
  },
  {
    "name": "AdsPaymentsCheckoutCampaignReceiptRoute",
    "path": "/ads_payments_checkout_receipt",
    "paramDefinitions": {
      "account": {
        "type": "String",
        "required": true
      },
      "campaignGroupID": {
        "type": "String",
        "required": true
      }
    },
    "navigationOptions": {
      "fabric": "true",
      "fb_hidesTabBar_POST_IN_IOS_NAVIGATION_BEFORE_USING": true,
      "title": {
        "text": "Receipts",
        "fbt": true,
        "hashKey": "1KXIWu"
      },
      "presentationMethod": "PUSH",
      "perfLogger_ttiEventId": 13828101,
      "perfLogger_ttiEventName": "ads_payments_tti"
    }
  },
  {
    "name": "AdsPaymentsCheckoutPaymentReceiptRoute",
    "path": "/ads_checkout_payment_receipt",
    "paramDefinitions": {
      "account": {
        "type": "String",
        "required": true
      },
      "campaignGroupID": {
        "type": "String",
        "required": true
      },
      "chargeAmount": {
        "type": "String",
        "required": false
      },
      "chargeCurrency": {
        "type": "String",
        "required": false
      },
      "orderNumber": {
        "type": "String",
        "required": false
      },
      "credentialID": {
        "type": "String",
        "required": false
      },
      "timeCreated": {
        "type": "Float",
        "required": false
      },
      "withdrawAmount": {
        "type": "String",
        "required": false
      },
      "withdrawCurrency": {
        "type": "String",
        "required": false
      }
    },
    "navigationOptions": {
      "fabric": "true",
      "fb_hidesTabBar_POST_IN_IOS_NAVIGATION_BEFORE_USING": true,
      "title": {
        "text": "Receipt",
        "fbt": true,
        "hashKey": "2WB6bl"
      },
      "presentationMethod": "PUSH",
      "perfLogger_ttiEventId": 13828101,
      "perfLogger_ttiEventName": "ads_payments_tti"
    }
  },
  {
    "name": "AdsPaymentsCheckoutRoute",
    "path": "/ads_payments_checkout",
    "paramDefinitions": {
      "account": {
        "type": "String",
        "required": true
      },
      "page": {
        "type": "String",
        "required": true
      },
      "boostMessage": {
        "type": "String",
        "required": true
      },
      "boostImageURI": {
        "type": "String",
        "required": true
      },
      "boostResultType": {
        "type": "String",
        "required": true
      },
      "boostResultLowerBound": {
        "type": "String",
        "required": true
      },
      "boostResultUpperBound": {
        "type": "String",
        "required": true
      },
      "boostDuration": {
        "type": "String",
        "required": true
      },
      "budgetAmount": {
        "type": "String",
        "required": true
      },
      "budgetCurrency": {
        "type": "String",
        "required": true
      },
      "budgetType": {
        "type": "String",
        "required": true
      },
      "credentialID": {
        "type": "String",
        "required": false
      },
      "cachedCscToken": {
        "type": "String",
        "required": false
      },
      "contextID": {
        "type": "String",
        "required": false
      },
      "cardType": {
        "type": "String",
        "required": false
      },
      "cardAssociationImageURL": {
        "type": "String",
        "required": false
      },
      "lastFourDigits": {
        "type": "String",
        "required": false
      },
      "expiryMonth": {
        "type": "String",
        "required": false
      },
      "expiryYear": {
        "type": "String",
        "required": false
      },
      "campaignGroupID": {
        "type": "String",
        "required": false
      },
      "newEndTime": {
        "type": "String",
        "required": false
      },
      "editTime": {
        "type": "String",
        "required": false
      }
    },
    "navigationOptions": {
      "fabric": "true",
      "navigationBar": "hidden",
      "presentationMethod": "ADD_TO_STACK",
      "transparent": true,
      "perfLogger_ttiEventId": 13828101,
      "perfLogger_ttiEventName": "ads_payments_tti"
    }
  },
  {
    "name": "AdsPaymentsCountrySelectorRoute",
    "path": "/ads_payments_country_selector",
    "paramDefinitions": {
      "account": {
        "type": "String",
        "required": true
      },
      "contextID": {
        "type": "String",
        "required": true
      },
      "offlineMode": {
        "type": "Bool",
        "required": false
      },
      "countryCode": {
        "type": "String",
        "required": false
      },
      "currencyCode": {
        "type": "String",
        "required": false
      },
      "entryPoint": {
        "type": "String",
        "required": false
      }
    },
    "navigationOptions": {
      "fabric": "true",
      "navigationBar": "shown",
      "fb_hidesTabBar_POST_IN_IOS_NAVIGATION_BEFORE_USING": true,
      "hideNavBarRightButton": true,
      "title": {
        "text": "Country",
        "fbt": true,
        "hashKey": "1HA9s7"
      },
      "perfLogger_ttiEventId": 13828101,
      "perfLogger_ttiEventName": "ads_payments_tti"
    }
  },
  {
    "name": "AdsPaymentsDirectDebitCountrySelectorRoute",
    "path": "/ads_payments_direct_debit_country_selector",
    "paramDefinitions": {
      "account": {
        "type": "String",
        "required": true
      },
      "contextID": {
        "type": "String",
        "required": true
      },
      "countryCode": {
        "type": "String",
        "required": true
      }
    },
    "navigationOptions": {
      "fabric": "true",
      "navigationBar": "shown",
      "fb_hidesTabBar_POST_IN_IOS_NAVIGATION_BEFORE_USING": true,
      "hideNavBarRightButton": true,
      "title": {
        "text": "Country",
        "fbt": true,
        "hashKey": "1HA9s7"
      },
      "perfLogger_ttiEventId": 13828101,
      "perfLogger_ttiEventName": "ads_payments_tti"
    }
  },
  {
    "name": "AdsPaymentsGSTIDRoute",
    "path": "/ads_payments_gst_id",
    "paramDefinitions": {
      "account": {
        "type": "String",
        "required": true
      },
      "contextID": {
        "type": "String",
        "required": true
      }
    },
    "navigationOptions": {
      "fabric": "true",
      "navigationBar": "shown",
      "fb_hidesTabBar_POST_IN_IOS_NAVIGATION_BEFORE_USING": true,
      "fb_showNavBarSearchField": false,
      "perfLogger_ttiEventId": 13828101,
      "perfLogger_ttiEventName": "ads_payments_tti",
      "title": ""
    }
  },
  {
    "name": "AdsPaymentsPayNowRoute",
    "path": "/ads_payments_pay_now",
    "paramDefinitions": {
      "paymentAccountID": {
        "type": "String",
        "required": true
      },
      "entryPoint": {
        "type": "String",
        "required": false
      }
    },
    "navigationOptions": {
      "fabric": "true",
      "title": {
        "text": "Ad Account Disabled",
        "fbt": true,
        "hashKey": "RLvFO"
      }
    }
  },
  {
    "name": "AdsPaymentsPrepayBusinessInfoRoute",
    "path": "/ads_payments_prepay_business_info",
    "paramDefinitions": {
      "account": {
        "type": "String",
        "required": true
      },
      "contextID": {
        "type": "String",
        "required": true
      },
      "originRootTag": {
        "type": "Float",
        "required": false
      }
    },
    "navigationOptions": {
      "fabric": "true",
      "navigationBar": "shown",
      "fb_hidesTabBar_POST_IN_IOS_NAVIGATION_BEFORE_USING": true,
      "fb_showNavBarSearchField": false,
      "perfLogger_ttiEventId": 13828101,
      "perfLogger_ttiEventName": "ads_payments_tti",
      "title": {
        "text": "Business Info",
        "fbt": true,
        "hashKey": "48GxZG"
      }
    }
  },
  {
    "name": "AdsPaymentsPrepayClientInfoRoute",
    "path": "/ads_payments_prepay_client_info",
    "paramDefinitions": {
      "account": {
        "type": "String",
        "required": true
      },
      "contextID": {
        "type": "String",
        "required": true
      },
      "originRootTag": {
        "type": "Float",
        "required": false
      },
      "businessTaxID": {
        "type": "String",
        "required": false
      },
      "businessEuVatTaxCountry": {
        "type": "String",
        "required": false
      },
      "businessName": {
        "type": "String",
        "required": false
      },
      "businessStreet1": {
        "type": "String",
        "required": false
      },
      "businessStreet2": {
        "type": "String",
        "required": false
      },
      "businessCity": {
        "type": "String",
        "required": false
      },
      "businessState": {
        "type": "String",
        "required": false
      },
      "businessZip": {
        "type": "String",
        "required": false
      },
      "businessCountryCode": {
        "type": "String",
        "required": false
      }
    },
    "navigationOptions": {
      "fabric": "true",
      "navigationBar": "shown",
      "fb_hidesTabBar_POST_IN_IOS_NAVIGATION_BEFORE_USING": true,
      "fb_showNavBarSearchField": false,
      "perfLogger_ttiEventId": 13828101,
      "perfLogger_ttiEventName": "ads_payments_tti",
      "title": {
        "text": "Client Info",
        "fbt": true,
        "hashKey": "23Ws50"
      }
    }
  },
  {
    "name": "AdsPaymentsPrepayCouponFundingRoute",
    "path": "/ads_payments_prepay_coupon_funding",
    "paramDefinitions": {
      "account": {
        "type": "String",
        "required": true
      },
      "contextID": {
        "type": "String",
        "required": true
      },
      "originRootTag": {
        "type": "Float",
        "required": false
      }
    },
    "navigationOptions": {
      "fabric": "true",
      "navigationBar": "shown",
      "fb_hidesTabBar_POST_IN_IOS_NAVIGATION_BEFORE_USING": true,
      "fb_showNavBarSearchField": false,
      "hideNavBarRightButton": true,
      "perfLogger_ttiEventId": 13828101,
      "perfLogger_ttiEventName": "ads_payments_tti"
    }
  },
  {
    "name": "AdsPaymentsPrepayDisclaimerRoute",
    "path": "/ads_payments_prepay_disclaimer",
    "paramDefinitions": {
      "account": {
        "type": "String",
        "required": false
      },
      "contextID": {
        "type": "String",
        "required": true
      },
      "originRootTag": {
        "type": "Float",
        "required": false
      }
    },
    "navigationOptions": {
      "fabric": "true",
      "navigationBar": "shown",
      "fb_hidesTabBar_POST_IN_IOS_NAVIGATION_BEFORE_USING": true,
      "fb_showNavBarSearchField": false,
      "perfLogger_ttiEventId": 13828101,
      "perfLogger_ttiEventName": "ads_payments_tti",
      "title": ""
    }
  },
  {
    "name": "AdsPaymentsPrepayFundingRoute",
    "path": "/ads_payments_prepay_funding",
    "paramDefinitions": {
      "account": {
        "type": "String",
        "required": false
      },
      "contextID": {
        "type": "String",
        "required": true
      },
      "originRootTag": {
        "type": "Float",
        "required": false
      },
      "isNewUser": {
        "type": "Bool",
        "required": false
      }
    },
    "navigationOptions": {
      "fabric": "true",
      "navigationBar": "shown",
      "fb_hidesTabBar_POST_IN_IOS_NAVIGATION_BEFORE_USING": true,
      "fb_showNavBarSearchField": false,
      "hideNavBarRightButton": true,
      "perfLogger_ttiEventId": 13828101,
      "perfLogger_ttiEventName": "ads_payments_tti",
      "title": ""
    }
  },
  {
    "name": "AdsPaymentsPrepayPaymentStatusRoute",
    "path": "/ads_payments_prepay_payment_status",
    "paramDefinitions": {
      "account": {
        "type": "String",
        "required": false
      },
      "contextID": {
        "type": "String",
        "required": true
      },
      "paymentID": {
        "type": "String",
        "required": true
      },
      "originRootTag": {
        "type": "Float",
        "required": false
      }
    },
    "access": "exported",
    "navigationOptions": {
      "fabric": "true",
      "navigationBar": "shown",
      "fb_hidesTabBar_POST_IN_IOS_NAVIGATION_BEFORE_USING": true,
      "fb_showNavBarSearchField": false,
      "hideNavBarRightButton": true,
      "perfLogger_ttiEventId": 13828101,
      "perfLogger_ttiEventName": "ads_payments_tti",
      "title": ""
    }
  },
  {
    "name": "AdsPaymentsRedeemCouponRoute",
    "path": "/ads_payments_redeem_coupon",
    "paramDefinitions": {
      "account": {
        "type": "String",
        "required": true
      },
      "contextID": {
        "type": "String",
        "required": true
      },
      "originRootTag": {
        "type": "Float",
        "required": false
      }
    },
    "navigationOptions": {
      "fabric": "true",
      "navigationBar": "shown",
      "fb_hidesTabBar_POST_IN_IOS_NAVIGATION_BEFORE_USING": true,
      "fb_showNavBarSearchField": false,
      "title": {
        "text": "Enter Ad Credit Code",
        "fbt": true,
        "hashKey": "xwNyZ"
      },
      "perfLogger_ttiEventId": 13828101,
      "perfLogger_ttiEventName": "ads_payments_tti"
    }
  },
  {
    "name": "AdsPaymentsReviewBalanceRoute",
    "path": "/ads_payments_review_balance",
    "paramDefinitions": {
      "account": {
        "type": "String",
        "required": true
      },
      "contextID": {
        "type": "String",
        "required": true
      },
      "originRootTag": {
        "type": "Float",
        "required": false
      }
    },
    "navigationOptions": {
      "fabric": "true",
      "navigationBar": "shown",
      "fb_hidesTabBar_POST_IN_IOS_NAVIGATION_BEFORE_USING": true,
      "fb_showNavBarSearchField": false,
      "hideNavBarRightButton": true,
      "title": {
        "text": "Review Balance",
        "fbt": true,
        "hashKey": "1Vu3p3"
      },
      "perfLogger_ttiEventId": 13828101,
      "perfLogger_ttiEventName": "ads_payments_tti"
    }
  },
  {
    "name": "AdsPaymentsSelectPaymentMethodRoute",
    "path": "/ads_payments_select_payment_method",
    "paramDefinitions": {
      "account": {
        "type": "String",
        "required": true
      },
      "contextID": {
        "type": "String",
        "required": true
      },
      "originRootTag": {
        "type": "Float",
        "required": false
      }
    },
    "navigationOptions": {
      "fabric": "true",
      "navigationBar": "shown",
      "fb_hidesTabBar_POST_IN_IOS_NAVIGATION_BEFORE_USING": true,
      "fb_showNavBarSearchField": false,
      "hideNavBarRightButton": true,
      "perfLogger_ttiEventId": 13828101,
      "perfLogger_ttiEventName": "ads_payments_tti",
      "title": {
        "text": "Add Payment Method",
        "fbt": true,
        "hashKey": "4hudRi"
      }
    }
  },
  {
    "name": "AdsPaymentsUKDirectDebitGuaranteeRoute",
    "path": "/ads_payments_UK_direct_debit_guarantee",
    "paramDefinitions": {
      "account": {
        "type": "String",
        "required": true
      },
      "contextID": {
        "type": "String",
        "required": true
      },
      "originRootTag": {
        "type": "Float",
        "required": false
      }
    },
    "navigationOptions": {
      "fabric": "true",
      "navigationBar": "shown",
      "fb_hidesTabBar_POST_IN_IOS_NAVIGATION_BEFORE_USING": true,
      "fb_showNavBarSearchField": false,
      "hideNavBarRightButton": true,
      "title": {
        "text": "Direct Debit",
        "fbt": true,
        "hashKey": "1PEB4m"
      },
      "perfLogger_ttiEventId": 13828101,
      "perfLogger_ttiEventName": "ads_payments_tti"
    }
  },
  {
    "name": "Billing3DS20Route",
    "path": "/billing_3ds_20",
    "paramDefinitions": {
      "accountID": {
        "type": "String",
        "required": false
      },
      "codedCredentialID": {
        "type": "String",
        "required": false
      },
      "cachedCscToken": {
        "type": "String",
        "required": false
      },
      "contextID": {
        "type": "String",
        "required": false
      },
      "amount": {
        "type": "Float",
        "required": true
      },
      "currency": {
        "type": "String",
        "required": true
      },
      "itemType": {
        "type": "String",
        "required": true
      },
      "isSavingCC": {
        "type": "Bool",
        "required": true
      },
      "countryCode": {
        "type": "String",
        "required": true
      },
      "paymentMethodType": {
        "type": "String",
        "required": false
      }
    },
    "navigationOptions": {
      "fabric": "true",
      "fb_showNavBarSearchField": false,
      "hideNavBarRightButton": true,
      "fb_hidesTabBar_POST_IN_IOS_NAVIGATION_BEFORE_USING": true
    }
  },
  {
    "name": "Billing3DSAuthorizationRoute",
    "path": "/billing_3ds_authorization",
    "paramDefinitions": {
      "legacyAccountID": {
        "type": "String",
        "required": false
      },
      "authorizerURL": {
        "type": "String",
        "required": true
      },
      "onCompleteURLDomain": {
        "type": "String",
        "required": true
      },
      "onCompleteURLParamName": {
        "type": "String",
        "required": true
      },
      "onCompleteURLParamValue": {
        "type": "String",
        "required": true
      },
      "isChargeTransaction": {
        "type": "Bool",
        "required": false
      }
    },
    "navigationOptions": {
      "fabric": "true",
      "fb_showNavBarSearchField": false,
      "hideNavBarRightButton": true,
      "fb_hidesTabBar_POST_IN_IOS_NAVIGATION_BEFORE_USING": true
    }
  },
  {
    "name": "Billing3DSErrorRoute",
    "path": "/billing_3ds_error",
    "paramDefinitions": {
      "isChargeTransaction": {
        "type": "Bool",
        "required": false
      }
    },
    "navigationOptions": {
      "fabric": "true",
      "navigationBar": "shown",
      "title": {
        "text": "Please Try Again",
        "fbt": true,
        "hashKey": "2yYiJ5"
      },
      "hideNavBarRightButton": true,
      "fb_hidesTabBar_POST_IN_IOS_NAVIGATION_BEFORE_USING": true
    }
  },
  {
    "name": "Billing3DSLoadingRoute",
    "path": "/billing_3ds_loading",
    "paramDefinitions": {
      "legacyAccountID": {
        "type": "String",
        "required": false
      },
      "is3DSSuccessful": {
        "type": "Bool",
        "required": false
      },
      "chargeAmount": {
        "type": "Float",
        "required": false
      },
      "credentialID": {
        "type": "String",
        "required": false
      },
      "storedBalanceCredentialID": {
        "type": "String",
        "required": false
      },
      "cachedCscToken": {
        "type": "String",
        "required": false
      },
      "paymentItemType": {
        "type": "String",
        "required": false
      },
      "returnRoute": {
        "type": "String",
        "required": false
      },
      "isNux": {
        "type": "Bool",
        "required": false
      }
    },
    "navigationOptions": {
      "fabric": "true",
      "title": {
        "text": "Confirm Payment Method",
        "fbt": true,
        "hashKey": "2O2vpH"
      },
      "fb_showNavBarSearchField": false,
      "hideNavBarRightButton": true,
      "fb_hidesTabBar_POST_IN_IOS_NAVIGATION_BEFORE_USING": true
    }
  },
  {
    "name": "BillingASLDisplayIGRoute",
    "path": "/billing_asldisplay_ig",
    "paramDefinitions": {
      "entryPoint": {
        "type": "String",
        "required": true
      },
      "paymentAccountID": {
        "type": "String",
        "required": true
      }
    },
    "navigationOptions": {
      "title": {
        "text": "Life Time Account Spending",
        "fbt": true,
        "hashKey": "3mn7zK"
      }
    }
  },
  {
    "name": "BillingASLEditIGRoute",
    "path": "/billing_asledit_ig",
    "paramDefinitions": {
      "entryPoint": {
        "type": "String",
        "required": true
      },
      "paymentAccountID": {
        "type": "String",
        "required": true
      }
    },
    "navigationOptions": {
      "title": {
        "text": "Update Spending Limit",
        "fbt": true,
        "hashKey": "3rnOWn"
      }
    }
  },
  {
    "name": "BillingCountryCurrencyRoute",
    "path": "/billing_country_currency",
    "paramDefinitions": {
      "account": {
        "type": "String",
        "required": false
      },
      "countryCode": {
        "type": "String",
        "required": false
      },
      "currencyCode": {
        "type": "String",
        "required": false
      },
      "defaultTaxCountry": {
        "type": "String",
        "required": true
      },
      "entryPoint": {
        "type": "String",
        "required": false
      }
    },
    "navigationOptions": {
      "fabric": "true",
      "navigationBar": "shown",
      "fb_showNavBarSearchField": false,
      "hideNavBarRightButton": true
    }
  },
  {
    "name": "BillingCountryCurrencySelectorRoute",
    "path": "/billing_country_currency_selector",
    "paramDefinitions": {
      "account": {
        "type": "String",
        "required": false
      },
      "countryCode": {
        "type": "String",
        "required": false
      },
      "currencyCode": {
        "type": "String",
        "required": false
      },
      "defaultTaxCountry": {
        "type": "String",
        "required": false
      },
      "entryPoint": {
        "type": "String",
        "required": false
      },
      "selectorType": {
        "type": "String",
        "required": true
      }
    },
    "navigationOptions": {
      "fabric": "true",
      "fb_showNavBarSearchField": false,
      "hideNavBarRightButton": true
    }
  },
  {
    "name": "BillingDateIGRoute",
    "path": "/billing_date_ig",
    "paramDefinitions": {
      "entryPoint": {
        "type": "String",
        "required": false
      },
      "paymentAccountID": {
        "type": "String",
        "required": true
      }
    },
    "navigationOptions": {
      "title": {
        "text": "Billing Date",
        "fbt": true,
        "hashKey": "3OejCY"
      }
    }
  },
  {
    "name": "BillingNexusIGRoute",
    "path": "/billing_nexus_ig",
    "paramDefinitions": {
      "igUserID": {
        "type": "String",
        "required": false
      },
      "paymentAccountID": {
        "type": "String",
        "required": false
      },
      "waterfallID": {
        "type": "String",
        "required": false
      },
      "entryPoint": {
        "type": "String",
        "required": false
      }
    },
    "navigationOptions": {
      "title": {
        "text": "Billing Settings",
        "fbt": true,
        "hashKey": "1nAhBc"
      }
    }
  },
  {
    "name": "BillingReauthorizeCreditCardRoute",
    "path": "/ads_payments_reauthorize_credit_card",
    "paramDefinitions": {
      "legacyAccountID": {
        "type": "String",
        "required": true
      },
      "nameOnCard": {
        "type": "String",
        "required": true
      },
      "creditCardDisplayName": {
        "type": "String",
        "required": true
      },
      "cardType": {
        "type": "String",
        "required": false
      },
      "creditCardNumber": {
        "type": "String",
        "required": true
      },
      "credentialID": {
        "type": "String",
        "required": true
      },
      "creditCardExpiryMonth": {
        "type": "String",
        "required": false
      },
      "creditCardExpiryYear": {
        "type": "String",
        "required": false
      },
      "countryCode": {
        "type": "String",
        "required": false
      }
    },
    "navigationOptions": {
      "fabric": "true"
    }
  },
  {
    "name": "BillingThresholdIGRoute",
    "path": "/billing_threshold_ig",
    "paramDefinitions": {
      "entryPoint": {
        "type": "String",
        "required": false
      },
      "paymentAccountID": {
        "type": "String",
        "required": true
      }
    },
    "navigationOptions": {
      "title": {
        "text": "Billing Threshold",
        "fbt": true,
        "hashKey": "17PlPJ"
      }
    }
  },
  {
    "name": "BillingTransactionDetailsIGRoute",
    "path": "/billing_transaction_details_ig",
    "paramDefinitions": {
      "paymentAccountID": {
        "type": "String",
        "required": true
      },
      "transactionID": {
        "type": "String",
        "required": true
      },
      "waterfallID": {
        "type": "String",
        "required": false
      }
    },
    "navigationOptions": {
      "perfLogger_ttrcConfig": {
        "markerId": 51904516,
        "steps": [
          "BillingTransactionDetailsIGSurface_renderComplete"
        ]
      },
      "title": {
        "text": "Transaction Details",
        "fbt": true,
        "hashKey": "2MAwQl"
      }
    }
  },
  {
    "name": "BillingTransactionHistoryIGRoute",
    "path": "/billing_transaction_history_ig",
    "paramDefinitions": {
      "paymentAccountID": {
        "type": "String",
        "required": true
      },
      "waterfallID": {
        "type": "String",
        "required": false
      }
    },
    "navigationOptions": {
      "title": {
        "text": "Transaction History",
        "fbt": true,
        "hashKey": "fSIlD"
      }
    }
  },
  {
    "name": "BillingWizardIGRoute",
    "path": "/billing_wizard_ig",
    "paramDefinitions": {
      "paymentAccountID": {
        "type": "String",
        "required": true
      },
      "externalFlowID": {
        "type": "String",
        "required": false
      },
      "placement": {
        "type": "String",
        "required": false
      },
      "wizardName": {
        "type": "String",
        "required": true
      },
      "paymentMethodID": {
        "type": "String",
        "required": false
      }
    },
    "access": "exported",
    "navigationOptions": {
      "hidesTabBar": true
    }
  },
  {
    "name": "IgBusinessTutorialsRoute",
    "path": "/ig_business_tutorials",
    "paramDefinitions": {
      "fbUserID": {
        "type": "Float",
        "required": false
      },
      "pk": {
        "type": "String",
        "required": true
      }
    },
    "navigationOptions": {
      "hidesTabBar": true,
      "perfLogger_ttiEventName": "ig_business_tutorials",
      "title": {
        "text": "Tutorials",
        "fbt": true,
        "hashKey": "CRglc"
      }
    }
  },
  {
    "name": "IgFundraiserKYCVerificationFormRoute",
    "path": "/ig_fundraiser_kyc_verification_form_route",
    "paramDefinitions": {
      "igUserId": {
        "type": "String",
        "required": true
      },
      "sessionId": {
        "type": "String",
        "required": false
      }
    },
    "navigationOptions": {}
  },
  {
    "name": "IgEmailSmsSettingsRoute",
    "path": "/igemailsmssettings",
    "paramDefinitions": {},
    "navigationOptions": {
      "title": {
        "text": "Email Sms Settings",
        "fbt": true,
        "hashKey": "JvS5N"
      }
    }
  },
  {
    "name": "IgFacebookNotificationSettingsRoute",
    "path": "/igfacebooknotificationsettings",
    "paramDefinitions": {},
    "navigationOptions": {}
  },
  {
    "name": "IgFundraiserLandingRoute",
    "path": "/ig_fundraiser_landing",
    "paramDefinitions": {
      "forceDismiss": {
        "type": "Bool",
        "required": false
      },
      "igUserId": {
        "type": "String",
        "required": true
      }
    },
    "navigationOptions": {
      "perfLogger_ttrcConfig": {
        "markerId": 51904516,
        "steps": [
          "IgFundraiserLandingSurface_renderComplete"
        ]
      },
      "presentationMethod": "MODAL"
    }
  },
  {
    "name": "IgFundraiserSupportCreationRoute",
    "path": "/ig_donations_support",
    "paramDefinitions": {
      "invoice_id": {
        "type": "String",
        "required": true
      },
      "referrer": {
        "type": "String",
        "required": false
      }
    },
    "navigationOptions": {
      "title": {
        "text": "Help",
        "fbt": true,
        "hashKey": "B2AxN"
      },
      "hidesTabBar": true,
      "presentationMethod": "MODAL"
    }
  },
  {
    "name": "IgFundraiserP4PSupportCreationRoute",
    "path": "/ig_donations_p4p_support",
    "paramDefinitions": {
      "invoice_id": {
        "type": "String",
        "required": true
      },
      "referrer": {
        "type": "String",
        "required": false
      }
    },
    "navigationOptions": {
      "title": {
        "text": "Help",
        "fbt": true,
        "hashKey": "B2AxN"
      },
      "hidesTabBar": true,
      "presentationMethod": "MODAL"
    }
  },
  {
    "name": "IgInsightsChartRoute",
    "path": "/ig_insights_graph",
    "paramDefinitions": {
      "chartType": {
        "type": "String",
        "required": true
      },
      "height": {
        "type": "Float",
        "required": false
      },
      "data": {
        "type": "String",
        "required": false
      }
    },
    "navigationOptions": {
      "disableGesture": true
    }
  },
  {
    "name": "IgInsightsPromoteInsightsRoute",
    "path": "/ig_insights_promote_insights",
    "paramDefinitions": {
      "accessToken": {
        "type": "String",
        "required": true
      },
      "entryPoint": {
        "type": "String",
        "required": true
      },
      "fbUserID": {
        "type": "String",
        "required": false
      },
      "mediaID": {
        "type": "String",
        "required": true
      },
      "mode": {
        "type": "String",
        "required": false
      },
      "pk": {
        "type": "String",
        "required": true
      }
    },
    "navigationOptions": {
      "perfLogger_ttiEventName": "ig_insights_promote_insights"
    }
  },
  {
    "name": "IgInsightsShoppingInsightsRoute",
    "path": "/ig_insights_shopping_insights",
    "paramDefinitions": {
      "entryPoint": {
        "type": "String",
        "required": true
      },
      "fbUserID": {
        "type": "String",
        "required": false
      },
      "mediaID": {
        "type": "String",
        "required": true
      },
      "pk": {
        "type": "String",
        "required": true
      }
    },
    "navigationOptions": {
      "perfLogger_ttiEventName": "ig_insights_shopping_insights"
    }
  },
  {
    "name": "IgFundraiserKYCCompletionRoute",
    "path": "/ig_fundraiser_kyc_completion",
    "paramDefinitions": {},
    "navigationOptions": {
      "title": {
        "text": "Required Information",
        "fbt": true,
        "hashKey": "2t0xis"
      },
      "perfLogger_ttrcConfig": {
        "markerId": 51904516,
        "steps": [
          "IgFundraiserKYCCompletionSurface_renderComplete"
        ]
      }
    }
  },
  {
    "name": "IgFundraiserKYCIdVerificationRoute",
    "path": "/ig_fundraiser_kyc_id_verification",
    "paramDefinitions": {
      "igUserId": {
        "type": "String",
        "required": true
      },
      "sessionId": {
        "type": "String",
        "required": false
      }
    },
    "navigationOptions": {
      "perfLogger_ttrcConfig": {
        "markerId": 51904516,
        "steps": [
          "IgFundraiserKYCIdVerificationSurface_renderComplete"
        ]
      },
      "title": {
        "text": "ID Photo",
        "fbt": true,
        "hashKey": "28WRe0"
      }
    }
  },
  {
    "name": "IgOrderReturnConfirmationRoute",
    "path": "/ig_order_return_confirmation",
    "paramDefinitions": {
      "order_item_id": {
        "type": "String",
        "required": true
      },
      "quantity": {
        "type": "Float",
        "required": true
      },
      "return_reason": {
        "type": "String",
        "required": true
      }
    },
    "navigationOptions": {
      "title": {
        "text": "Return Order",
        "fbt": true,
        "hashKey": "bBuDv"
      },
      "hidesTabBar": true,
      "presentationMethod": "PUSH"
    }
  },
  {
    "name": "IgOrdersRoute",
    "path": "/ig_orders",
    "paramDefinitions": {
      "showTransactionsLink": {
        "type": "Bool",
        "required": false
      },
      "sessionId": {
        "type": "String",
        "required": false
      }
    },
    "navigationOptions": {}
  },
  {
    "name": "IgPaymentsBankAccountSettingsRoute",
    "path": "/ig_payments_bank_account_settings",
    "paramDefinitions": {
      "credentialID": {
        "type": "String",
        "required": true
      }
    },
    "navigationOptions": {}
  },
  {
    "name": "IgPaymentsCheckoutAddPayPalRoute",
    "path": "/ig_payments_checkout_payment_methods_add_paypal",
    "paramDefinitions": {
      "emitEventOnSuccess": {
        "type": "Bool",
        "required": true
      },
      "paymentSessionId": {
        "type": "String",
        "required": false
      },
      "paymentType": {
        "type": "String",
        "required": true
      },
      "refId": {
        "type": "String",
        "required": true
      },
      "url": {
        "type": "String",
        "required": true
      }
    },
    "navigationOptions": {}
  },
  {
    "name": "IgPaymentsCheckoutInfoContactInfoAndDeliveryInfoRoute",
    "path": "/ig_payments_checkout_info_contact_info_and_delivery_info",
    "paramDefinitions": {
      "paymentSessionId": {
        "type": "String",
        "required": false
      },
      "paymentType": {
        "type": "String",
        "required": true
      }
    },
    "navigationOptions": {
      "analyticsModule": "payments_checkout_delivery_info",
      "perfLogger_ttiEventName": "payments_checkout_delivery_info",
      "title": {
        "text": "Checkout",
        "fbt": true,
        "hashKey": "1XWkzM"
      }
    }
  },
  {
    "name": "IgPaymentsCheckoutInfoAddCouponCodesRoute",
    "path": "/ig_payments_checkout_info_add_coupon_codes",
    "paramDefinitions": {},
    "navigationOptions": {
      "analyticsModule": "payments_checkout_coupon_codes_add",
      "perfLogger_ttiEventName": "payments_checkout_coupon_codes_add",
      "title": {
        "text": "Promo Code",
        "fbt": true,
        "hashKey": "xvXTF"
      }
    }
  },
  {
    "name": "IgPaymentsCheckoutInfoAddNewPaymentMethodRoute",
    "path": "/ig_payments_checkout_info_add_new_payment_method",
    "paramDefinitions": {
      "hidePayPalOption": {
        "type": "Bool",
        "required": true
      }
    },
    "navigationOptions": {
      "analyticsModule": "payments_checkout_payment_methods_add",
      "perfLogger_ttiEventName": "payments_checkout_payment_methods_add",
      "primaryActionButton": {
        "icon": "done"
      },
      "title": {
        "text": "Checkout",
        "fbt": true,
        "hashKey": "kbQqw"
      }
    }
  },
  {
    "name": "IgPaymentsCheckoutInfoAddPayPalRoute",
    "path": "/ig_payments_checkout_payment_methods_add_paypal",
    "paramDefinitions": {
      "emitEventOnSuccess": {
        "type": "Bool",
        "required": true
      },
      "paymentSessionId": {
        "type": "String",
        "required": false
      },
      "paymentType": {
        "type": "String",
        "required": true
      },
      "refId": {
        "type": "String",
        "required": true
      },
      "url": {
        "type": "String",
        "required": true
      }
    },
    "navigationOptions": {}
  },
  {
    "name": "IgPaymentsCheckoutInfoDeliveryInfoEditRoute",
    "path": "/ig_payments_checkout_info_delivery_info_edit",
    "paramDefinitions": {
      "address": {
        "type": "String",
        "required": false
      }
    },
    "navigationOptions": {
      "analyticsModule": "payments_checkout_delivery_info_add_edit",
      "perfLogger_ttiEventName": "payments_checkout_delivery_info_add_edit"
    }
  },
  {
    "name": "IgPaymentsCheckoutInfoPaymentMethodsRoute",
    "path": "/ig_payments_checkout_info_payment_methods",
    "paramDefinitions": {
      "payment_account_id": {
        "type": "String",
        "required": false
      }
    },
    "navigationOptions": {
      "analyticsModule": "payments_checkout_payment_methods",
      "perfLogger_ttiEventName": "payments_checkout_payment_methods",
      "title": {
        "text": "Checkout",
        "fbt": true,
        "hashKey": "1XWkzM"
      }
    }
  },
  {
    "name": "IgPaymentsCheckoutInfoShippingProfilesEditRoute",
    "path": "/ig_payments_checkout_info_shipping_profiles_edit_surface",
    "paramDefinitions": {
      "shippingProfileId": {
        "type": "String",
        "required": false
      }
    },
    "navigationOptions": {
      "analyticsModule": "payments_checkout_shipping_profiles_edit",
      "perfLogger_ttiEventName": "payments_checkout_shipping_profiles_edit"
    }
  },
  {
    "name": "IgPaymentsCreditCardFormRoute",
    "path": "/ig_payments_credit_card_form",
    "paramDefinitions": {
      "creditCardItem": {
        "type": "String",
        "required": true
      },
      "paymentAccountId": {
        "type": "String",
        "required": true
      },
      "paymentType": {
        "type": "String",
        "required": true
      }
    },
    "navigationOptions": {
      "analyticsModule": "payments_settings_add_card",
      "disableGesture": true
    }
  },
  {
    "name": "IgPaymentsItemDetailsRoute",
    "path": "/ig_payments_item_details",
    "paramDefinitions": {
      "itemID": {
        "type": "String",
        "required": false
      },
      "order_item_id": {
        "type": "String",
        "required": false
      },
      "referrer": {
        "type": "String",
        "required": false
      },
      "sessionId": {
        "type": "String",
        "required": false
      }
    },
    "navigationOptions": {
      "hidesTabBar": true,
      "presentationMethod": "PUSH",
      "analyticsModule": "order_details"
    }
  },
  {
    "name": "IgPaymentsFBPayLearnMoreInterstitialRoute",
    "path": "/ig_payments_fbpay_learn_more_interstitial",
    "paramDefinitions": {},
    "navigationOptions": {
      "presentationMethod": "MODAL",
      "navigationBar": "hidden"
    }
  },
  {
    "name": "IgOrderContactMerchantRoute",
    "path": "/ig_order_contact_merchant",
    "paramDefinitions": {
      "invoice_id": {
        "type": "String",
        "required": true
      },
      "order_item_id": {
        "type": "String",
        "required": true
      },
      "referrer": {
        "type": "String",
        "required": false
      }
    },
    "navigationOptions": {
      "hidesTabBar": true,
      "presentationMethod": "PUSH",
      "leftActionButton": {
        "icon": "back"
      }
    }
  },
  {
    "name": "IgOrderReturnRoute",
    "path": "/ig_order_return",
    "paramDefinitions": {
      "invoice_id": {
        "type": "String",
        "required": true
      },
      "order_item_id": {
        "type": "String",
        "required": true
      },
      "referrer": {
        "type": "String",
        "required": false
      }
    },
    "navigationOptions": {
      "title": {
        "text": "Return Order",
        "fbt": true,
        "hashKey": "bBuDv"
      },
      "hidesTabBar": true,
      "presentationMethod": "PUSH"
    }
  },
  {
    "name": "IgOrderReturnV2DetailsRoute",
    "path": "/ig_order_return_v2_details",
    "paramDefinitions": {
      "invoice_id": {
        "type": "String",
        "required": true
      },
      "order_item_id": {
        "type": "String",
        "required": true
      },
      "referrer": {
        "type": "String",
        "required": false
      },
      "target_id": {
        "type": "String",
        "required": false
      }
    },
    "navigationOptions": {
      "title": {
        "text": "Return Details",
        "fbt": true,
        "hashKey": "3kOeUA"
      },
      "hidesTabBar": true,
      "presentationMethod": "PUSH"
    }
  },
  {
    "name": "IgOrderReturnV2Route",
    "path": "/ig_order_return_v2",
    "paramDefinitions": {
      "invoice_id": {
        "type": "String",
        "required": true
      },
      "order_item_id": {
        "type": "String",
        "required": true
      },
      "referrer": {
        "type": "String",
        "required": false
      }
    },
    "navigationOptions": {
      "title": {
        "text": "Request Return",
        "fbt": true,
        "hashKey": "3MiMsM"
      },
      "hidesTabBar": true,
      "presentationMethod": "PUSH"
    }
  },
  {
    "name": "IgOrderDisputeStatusRoute",
    "path": "/ig_order_dispute_status",
    "paramDefinitions": {
      "invoice_id": {
        "type": "String",
        "required": true
      },
      "order_item_id": {
        "type": "String",
        "required": true
      },
      "referrer": {
        "type": "String",
        "required": false
      }
    },
    "navigationOptions": {
      "hidesTabBar": true,
      "presentationMethod": "MODAL"
    }
  },
  {
    "name": "IgOrderCancellationRoute",
    "path": "/ig_order_cancellation",
    "paramDefinitions": {
      "invoice_id": {
        "type": "String",
        "required": true
      },
      "order_item_id": {
        "type": "String",
        "required": true
      },
      "referrer": {
        "type": "String",
        "required": false
      }
    },
    "navigationOptions": {
      "title": {
        "text": "Cancel Order",
        "fbt": true,
        "hashKey": "K9DlE"
      },
      "hidesTabBar": true,
      "presentationMethod": "PUSH"
    }
  },
  {
    "name": "IgPaymentsPINMutationRoute",
    "path": "/ig_payments_pin_mutation",
    "paramDefinitions": {},
    "navigationOptions": {
      "analyticsModule": "payments_settings_security_pin"
    }
  },
  {
    "name": "IgPaymentsPINRoute",
    "path": "/ig_payments_pin",
    "paramDefinitions": {
      "flowType": {
        "type": "String",
        "required": true
      }
    },
    "navigationOptions": {
      "analyticsModule": "payments_settings_security_pin",
      "disableGesture": true
    }
  },
  {
    "name": "IgPaymentsPayPalSettingsRoute",
    "path": "/ig-payments/payment-methods/paypal-settings",
    "paramDefinitions": {
      "email": {
        "type": "String",
        "required": false
      },
      "id": {
        "type": "String",
        "required": false
      }
    },
    "navigationOptions": {
      "analyticsModule": "payments_checkout_paypal_details",
      "perfLogger_ttiEventName": "payments_checkout_paypal_details",
      "title": {
        "text": "PayPal",
        "fbt": true,
        "hashKey": "1i1Mep"
      }
    }
  },
  {
    "name": "IgPaymentsPayProcessingRoute",
    "path": "/ig_payments_pay_processing",
    "paramDefinitions": {
      "confirmationEmail": {
        "type": "String",
        "required": false
      },
      "shouldShowFBPayBranding": {
        "type": "Bool",
        "required": true
      },
      "shouldShowPinLink": {
        "type": "Bool",
        "required": true
      }
    },
    "navigationOptions": {
      "disableGesture": true,
      "leftActionButton": {
        "icon": "none"
      },
      "title": {
        "text": "Checkout",
        "fbt": true,
        "hashKey": "1XWkzM"
      }
    }
  },
  {
    "name": "IgPaymentsReceiptRoute",
    "path": "/ig_payments_receipt",
    "paramDefinitions": {
      "receiptID": {
        "type": "String",
        "required": false
      },
      "invoice_id": {
        "type": "String",
        "required": false
      },
      "referrer": {
        "type": "String",
        "required": false
      },
      "sessionID": {
        "type": "String",
        "required": false
      },
      "transactionSource": {
        "type": "String",
        "required": false
      }
    },
    "navigationOptions": {
      "hidesTabBar": true,
      "presentationMethod": "PUSH",
      "analyticsModule": "order_details"
    }
  },
  {
    "name": "IgPaymentsSettingsAddPayPalRoute",
    "path": "/ig_payments_settings_payment_methods_add_paypal",
    "paramDefinitions": {
      "refId": {
        "type": "String",
        "required": true
      },
      "url": {
        "type": "String",
        "required": true
      }
    },
    "navigationOptions": {}
  },
  {
    "name": "IgPaymentsSettingsContactInfoRoute",
    "path": "/ig_payments_settings_contact_info",
    "paramDefinitions": {
      "sessionId": {
        "type": "String",
        "required": false
      }
    },
    "navigationOptions": {
      "title": {
        "text": "Contact Information",
        "fbt": true,
        "hashKey": "WDpwP"
      },
      "analyticsModule": "payments_settings_contact_info",
      "disableGesture": true
    }
  },
  {
    "name": "IgPaymentsSettingsPaymentAddBankAccountRoute",
    "path": "/ig_payments_settings_payment_add_bank_account",
    "paramDefinitions": {
      "forceDismiss": {
        "type": "Bool",
        "required": false
      },
      "igUserId": {
        "type": "String",
        "required": true
      },
      "stripeAccountInformationType": {
        "type": "String",
        "required": true
      },
      "sessionId": {
        "type": "String",
        "required": false
      }
    },
    "navigationOptions": {}
  },
  {
    "name": "IgPaymentsSettingsPaymentMethodsRoute",
    "path": "/ig_payments_settings_payment_methods",
    "paramDefinitions": {
      "sessionId": {
        "type": "String",
        "required": false
      }
    },
    "navigationOptions": {
      "title": {
        "text": "Payment Methods",
        "fbt": true,
        "hashKey": "1jMV7g"
      },
      "analyticsModule": "payments_settings_payment_methods"
    }
  },
  {
    "name": "IgPaymentsSettingsSecurityPinRoute",
    "path": "/ig_payments_settings_security_pin",
    "paramDefinitions": {
      "sessionId": {
        "type": "String",
        "required": false
      }
    },
    "navigationOptions": {
      "title": {
        "text": "Security PIN",
        "fbt": true,
        "hashKey": "4tDDQM"
      },
      "analyticsModule": "payments_settings_security_pin"
    }
  },
  {
    "name": "IgPaymentsSettingsShippingAddressRoute",
    "path": "/ig_payments_settings_shipping_address",
    "paramDefinitions": {
      "mailingAddress": {
        "type": "String",
        "required": false
      },
      "mailingAddressId": {
        "type": "String",
        "required": false
      }
    },
    "navigationOptions": {
      "analyticsModule": "payments_settings_edit_address",
      "disableGesture": true
    }
  },
  {
    "name": "IgPaymentsSettingsShippingInfoRoute",
    "path": "/ig_payments_settings_shipping_info",
    "paramDefinitions": {
      "sessionId": {
        "type": "String",
        "required": false
      }
    },
    "navigationOptions": {
      "title": {
        "text": "Delivery Info",
        "fbt": true,
        "hashKey": "1DWx4c"
      },
      "analyticsModule": "payments_settings_shipping_info"
    }
  },
  {
    "name": "IgPaymentsShoppingCheckoutRoute",
    "path": "/ig_payments_shopping_checkout",
    "paramDefinitions": {
      "checkoutConfiguration": {
        "type": "String",
        "required": true
      },
      "checkoutSessionId": {
        "type": "String",
        "required": true
      },
      "igUserId": {
        "type": "String",
        "required": true
      },
      "riskFeatures": {
        "type": "String",
        "required": true
      },
      "useNativeCheckoutInfoLoad": {
        "type": "Bool",
        "required": true
      }
    },
    "navigationOptions": {}
  },
  {
    "name": "IgPromoteAdPreviewPlacementsRoute",
    "path": "/igpromoteadpreviewplacements",
    "paramDefinitions": {
      "instagram_media_id": {
        "type": "String",
        "required": true
      },
      "callToActionType": {
        "type": "String",
        "required": false
      },
      "politicalAdBylineText": {
        "type": "String",
        "required": false
      },
      "disableFeedPreview": {
        "type": "Bool",
        "required": false
      },
      "shouldShowPlacementSubtitleForPO": {
        "type": "Bool",
        "required": false
      },
      "accessToken": {
        "type": "String",
        "required": false
      },
      "storyOnly": {
        "type": "Bool",
        "required": false
      },
      "isMigration": {
        "type": "Bool",
        "required": false
      }
    },
    "navigationOptions": {
      "title": {
        "text": "Promotions",
        "fbt": true,
        "hashKey": "2HrFUM"
      }
    }
  },
  {
    "name": "IgPromoteNonDiscriminationPolicyConsiderationsDetailRoute",
    "path": "/ig_promote_non_discrimation_policy_considerations_detail",
    "paramDefinitions": {},
    "navigationOptions": {}
  },
  {
    "name": "IgPromoteNonDiscriminationPolicyFullPolicyDetailRoute",
    "path": "/ig_promote_non_discrimation_policy_full_policy_detail",
    "paramDefinitions": {},
    "navigationOptions": {}
  },
  {
    "name": "IgPromoteNonDiscriminationPolicyRoute",
    "path": "/ig_promote_non_discrimation_policy",
    "paramDefinitions": {
      "isMigration": {
        "type": "Bool",
        "required": false
      },
      "entryPoint": {
        "type": "String",
        "required": false
      },
      "waterfallID": {
        "type": "String",
        "required": false
      },
      "fbUserID": {
        "type": "String",
        "required": false
      },
      "instagramMediaID": {
        "type": "String",
        "required": false
      },
      "igUserID": {
        "type": "String",
        "required": false
      }
    },
    "navigationOptions": {}
  },
  {
    "name": "RNRouteExplorerRoute",
    "path": "/rnregisteredroutes",
    "paramDefinitions": {},
    "navigationOptions": {
      "title": "Route Explorer",
      "navigationBar": "shown",
      "hideNavBarRightButton": true,
      "presentationMethod": "PUSH"
    }
  },
  {
    "name": "PlaygroundRoute",
    "path": "/playground",
    "paramDefinitions": {
      "fabric": {
        "type": "Bool",
        "required": false
      }
    },
    "navigationOptions": {
      "title": "Playground",
      "navigationBar": "shown",
      "presentationMethod": "PUSH",
      "fabric": "<fabric>"
    }
  },
  {
    "name": "IgCommonComponentsDevRoute",
    "path": "/ig_common_componets_dev",
    "paramDefinitions": {},
    "navigationOptions": {}
  },
  {
    "name": "IgPaymentsCheckoutInfoExampleRoute",
    "path": "/ig_payments_checkout_dev_example_checkout_info",
    "paramDefinitions": {},
    "navigationOptions": {}
  },
  {
    "name": "LogBox",
    "navigationOptions": {},
    "path": "",
    "paramDefinitions": {},
    "access": "private",
    "isFromRegistry": true
  },
  {
    "name": "CheckpointApp",
    "navigationOptions": {
      "logoAsTitle": true
    },
    "path": "",
    "paramDefinitions": {},
    "access": "private",
    "isFromRegistry": true
  },
  {
    "name": "CheckpointFullMapViewScreen",
    "navigationOptions": {},
    "path": "",
    "paramDefinitions": {},
    "access": "private",
    "isFromRegistry": true
  },
  {
    "name": "IgInsightsPostInsightsApp",
    "navigationOptions": {
      "perfLogger_ttiEventName": "ig_insights_post_insights"
    },
    "path": "",
    "paramDefinitions": {},
    "access": "private",
    "isFromRegistry": true
  },
  {
    "name": "CompassionResourceApp",
    "navigationOptions": {},
    "path": "",
    "paramDefinitions": {},
    "access": "private",
    "isFromRegistry": true
  },
  {
    "name": "PushSettingsApp",
    "navigationOptions": {},
    "path": "",
    "paramDefinitions": {},
    "access": "private",
    "isFromRegistry": true
  },
  {
    "name": "EmailSmsSettingsApp",
    "navigationOptions": {
      "title": {
        "text": "Email Sms Settings",
        "fbt": true,
        "hashKey": "JvS5N"
      }
    },
    "path": "",
    "paramDefinitions": {},
    "access": "private",
    "isFromRegistry": true
  },
  {
    "name": "FacebookNotificationSettingsApp",
    "navigationOptions": {},
    "path": "",
    "paramDefinitions": {},
    "access": "private",
    "isFromRegistry": true
  },
  {
    "name": "IgBrandedContentSettingsApp",
    "navigationOptions": {},
    "path": "",
    "paramDefinitions": {},
    "access": "private",
    "isFromRegistry": true
  },
  {
    "name": "IgBrandedContentApproveAccountsApp",
    "navigationOptions": {
      "title": {
        "text": "Approved Accounts",
        "fbt": true,
        "hashKey": "1wtfjl"
      }
    },
    "path": "",
    "paramDefinitions": {},
    "access": "private",
    "isFromRegistry": true
  },
  {
    "name": "IgBrandedContentOnboardingApp",
    "navigationOptions": {},
    "path": "",
    "paramDefinitions": {},
    "access": "private",
    "isFromRegistry": true
  },
  {
    "name": "IgMediaGeoGatingSettingsApp",
    "navigationOptions": {},
    "path": "",
    "paramDefinitions": {},
    "access": "private",
    "isFromRegistry": true
  },
  {
    "name": "CommentModerationAudienceSettingsApp",
    "navigationOptions": {},
    "path": "",
    "paramDefinitions": {},
    "access": "private",
    "isFromRegistry": true
  },
  {
    "name": "LeadGen",
    "navigationOptions": {},
    "path": "",
    "paramDefinitions": {},
    "access": "private",
    "isFromRegistry": true
  },
  {
    "name": "PageComponentFlowApp",
    "navigationOptions": {},
    "path": "",
    "paramDefinitions": {},
    "access": "private",
    "isFromRegistry": true
  },
  {
    "name": "FacebookAppRouteHandler",
    "navigationOptions": {},
    "path": "",
    "paramDefinitions": {},
    "access": "private",
    "isFromRegistry": true
  },
  {
    "name": "IgOrderCancellationApp",
    "navigationOptions": {},
    "path": "",
    "paramDefinitions": {},
    "access": "private",
    "isFromRegistry": true
  },
  {
    "name": "EditEmailApp",
    "navigationOptions": {
      "title": {
        "text": "Email",
        "fbt": true,
        "hashKey": "3QE5dQ"
      }
    },
    "path": "",
    "paramDefinitions": {},
    "access": "private",
    "isFromRegistry": true
  },
  {
    "name": "IgOrderOffsiteReturnApp",
    "navigationOptions": {},
    "path": "",
    "paramDefinitions": {},
    "access": "private",
    "isFromRegistry": true
  },
  {
    "name": "IgOrderReturnApp",
    "navigationOptions": {},
    "path": "",
    "paramDefinitions": {},
    "access": "private",
    "isFromRegistry": true
  },
  {
    "name": "IgOrderReturnDetailsApp",
    "navigationOptions": {},
    "path": "",
    "paramDefinitions": {},
    "access": "private",
    "isFromRegistry": true
  },
  {
    "name": "IgOrderContactMerchantApp",
    "navigationOptions": {},
    "path": "",
    "paramDefinitions": {},
    "access": "private",
    "isFromRegistry": true
  },
  {
    "name": "IgOrderDisputeStatusApp",
    "navigationOptions": {},
    "path": "",
    "paramDefinitions": {},
    "access": "private",
    "isFromRegistry": true
  },
  {
    "name": "IgOrderDisputeCreationApp",
    "navigationOptions": {
      "hidesTabBar": true,
      "presentationMethod": "MODAL",
      "disableGesture": true
    },
    "path": "",
    "paramDefinitions": {},
    "access": "private",
    "isFromRegistry": true
  },
  {
    "name": "IgOrderPaymentCaptureFailureSurface",
    "navigationOptions": {
      "hidesTabBar": true,
      "presentationMethod": "PUSH"
    },
    "path": "",
    "paramDefinitions": {},
    "access": "private",
    "isFromRegistry": true
  }
]